policy_file,category,deployed_name,graph_shape,workbook_row,workbook_policy_name,platform,cis_level,source,control_domain,nist_800_53_r5,iso_27001_2022,auditor_rationale,mapping_status,match_method,match_note
ASR - BLOCK - Block Office applications from creating executable content,01_Defender_for_Endpoint (Windows + Linux),ASR - BLOCK - Block Office applications from creating executable content,settings_catalog_policy,65,ASR - BLOCK - Block Office applications from creating executable content,Windows 11,L1,Endpoint Security,Attack Surface Reduction (ASR),SI-3,8.7,Prevents Office from dropping executables to disk — closes macro dropper attack path,mapped,exact,
ASR - BLOCK - Block abuse of exploited vulnerable signed drivers (Device),01_Defender_for_Endpoint (Windows + Linux),ASR - BLOCK - Block abuse of exploited vulnerable signed drivers (Device),settings_catalog_policy,68,ASR - BLOCK - Block abuse of exploited vulnerable signed drivers (Device),Windows 11,L1,Endpoint Security,Attack Surface Reduction (ASR),SI-3,8.7,Blocks BYOVD attacks — prevents exploitation of legitimately signed but vulnerable drivers,mapped,exact,
ASR - BLOCK - Block rebooting machine in Safe Mode,01_Defender_for_Endpoint (Windows + Linux),ASR - BLOCK - Block rebooting machine in Safe Mode,settings_catalog_policy,70,ASR - BLOCK - Block rebooting machine in Safe Mode,Windows 11,L2,Endpoint Security,Attack Surface Reduction (ASR),SI-3,8.7,Prevents malware from rebooting into Safe Mode to evade Defender — closes a common AV bypass technique,mapped,exact,
ASR - BLOCK - Enable Controlled Folder Access,01_Defender_for_Endpoint (Windows + Linux),ASR - BLOCK - Enable Controlled Folder Access,settings_catalog_policy,71,ASR - BLOCK - Enable Controlled Folder Access,Windows 11,L2,Endpoint Security,Attack Surface Reduction (ASR),SI-3,8.7,Set to Audit mode — monitors ransomware-style folder access without blocking. Provides detection evidence for SI-3 without risking false-positive blocks on legitimate apps,mapped,exact,
ASR - BLOCK - Use advanced protection against ransomware,01_Defender_for_Endpoint (Windows + Linux),ASR - BLOCK - Use advanced protection against ransomware,settings_catalog_policy,59,ASR - BLOCK - Use advanced protection against ransomware,Windows 11,L1,Endpoint Security,Attack Surface Reduction (ASR),SI-3,8.7,Ransomware protection specifically called out in ISO 8.7 and SI-3 guidance,mapped,exact,
Baseline - App and Browser Isolation,01_Defender_for_Endpoint (Windows + Linux),Baseline - App and Browser Isolation,settings_catalog_policy,96,Baseline - App and Browser Isolation,Windows 11,L1,Endpoint Security,Malware Protection,"SI-7, SC-3",8.7,Windows Defender Application Guard / exploit-protection settings - complements the existing ASR rule set.,mapped,exact,
Baseline - Chrome Microsoft Defender Browser Protection,01_Defender_for_Endpoint (Windows + Linux),Baseline - Chrome Microsoft Defender Browser Protection,settings_catalog_policy,93,Baseline - Chrome Microsoft Defender Browser Protection,Chrome,L1,Endpoint Security,Malware Protection,"SI-3, SC-8",8.7,Extends Defender SmartScreen-equivalent protection into Chrome - closes the browser-protection gap on the non-Edge browser.,mapped,exact,
Baseline - Defender for Endpoint Linux ,01_Defender_for_Endpoint (Windows + Linux),Baseline - Defender for Endpoint Linux ,settings_catalog_policy,88,Baseline - Defender for Endpoint Linux,Linux,L1,MDE,Linux Endpoint Security,"SI-3, SI-2","8.7, 8.8",The only enforceable Linux hardening lever native to Intune - configures AV/EDR behaviour on Linux endpoints via mdatp_managed.json.,mapped,whitespace,
Baseline - MDE Device Tag,01_Defender_for_Endpoint (Windows + Linux),Baseline - MDE Device Tag,legacy_device_configuration,,,,,,,,,,UNMAPPED — no workbook row,unmapped,
Baseline - Microsoft Defender Antivirus,01_Defender_for_Endpoint (Windows + Linux),Baseline - Microsoft Defender Antivirus,settings_catalog_policy,18,Baseline - Microsoft Defender Antivirus,Windows 11,L1,MDE,Malware Protection,"SI-3, SI-2, SI-7","8.7, 8.8","33-setting comprehensive AV policy — covers realtime monitoring, behaviour monitoring, script scanning, network protection, PUA, cloud protection (MAPS), archive scanning, email scanning, scheduled scans, signature updates every 8h, CPU throttling, sample submission, local admin merge prevention. Replaces all individual CIS AV policies. Update channels (engine/platform/sig intelligence) set to Current — Defender always up to date. ⚠ Import via: Devices > Configuration (Settings Catalog) — MDE folder",mapped,exact,
Baseline - Microsoft Defender Update controls,01_Defender_for_Endpoint (Windows + Linux),Baseline - Defender Update controls,settings_catalog_policy,90,Baseline - Microsoft Defender Update controls,Windows 11,L1,MDE,Patch Management,"SI-2, CM-6",8.8,Governs signature/platform update cadence for Defender itself - closes a patch-management gap specific to the AV engine.,mapped,exact,
Baseline - Scareware Blocker in Microsoft Edge,01_Defender_for_Endpoint (Windows + Linux),Baseline - Scareware Blocker in Microsoft Edge,settings_catalog_policy,94,Baseline - Scareware Blocker in Microsoft Edge,Edge,L1,Endpoint Security,Malware Protection,SI-3,8.7,"Blocks fake tech-support/scareware full-screen pages. Low functional impact, high auditor-visible value.",mapped,exact,
Baseline - Smartscreen Enhanced Phishing Protection Block Mode,01_Defender_for_Endpoint (Windows + Linux),Baseline - Smartscreen Enhanced Phishing Protection Block Mode,settings_catalog_policy,,,,,,,,,,UNMAPPED — no workbook row,unmapped,
Baseline - Windows Defender  Security Experience,01_Defender_for_Endpoint (Windows + Linux),Baseline - Windows Security Experience,settings_catalog_policy,19,Baseline - Windows Defender  Security Experience,Windows 11,L1,MDE,Malware Protection,"SI-3, CM-7","8.7, 8.9","Tamper Protection enabled — prevents users and malware from disabling Defender. Locks Security Center UI panels (family, health, network, notifications). Critical SI-3 control. ⚠ Import via: Devices > Configuration (Settings Catalog) — MDE folder",mapped,exact,
CISv3 - EDGE - L1 - Configure Microsoft Defender SmartScreen,01_Defender_for_Endpoint (Windows + Linux),CISv3 - EDGE - L1 - Configure Microsoft Defender SmartScreen,settings_catalog_policy,74,CISv3 - EDGE - L1 - Configure Microsoft Defender SmartScreen,Edge,L1,CIS,Edge Browser Security,SI-3,"8.7, 8.23",Browser-level SmartScreen is the primary web filtering control — ISO 8.23 evidence,mapped,exact,
CISv3 - EDGE - L1 - Prevent bypassing Microsoft Defender SmartScreen prompts for sites,01_Defender_for_Endpoint (Windows + Linux),CISv3 - EDGE - L1 - Prevent bypassing Microsoft Defender SmartScreen prompts for sites,settings_catalog_policy,111,CISv3 - EDGE - L1 - Prevent bypassing Microsoft Defender SmartScreen prompts for sites,Edge,L1,CIS,Edge Browser Security,SI-3,8.7,Closes the 'click through the warning' bypass gap on the SmartScreen policy already deployed - pairs directly with an existing control.,mapped,exact,
CISv4 - WIN - L1 - ASR Block Adobe Reader from creating child  processes,01_Defender_for_Endpoint (Windows + Linux),CISv4 - WIN - L1 - ASR: Block Adobe Reader from creating child  processes,settings_catalog_policy,63,ASR - BLOCK - Block Adobe Reader from creating child processes,Windows 11,L1,Endpoint Security,Attack Surface Reduction (ASR),SI-3,8.7,Prevents PDF-based exploitation — closes a common document-based attack path,mapped,prefix,
CISv4 - WIN - L1 - ASR Block JavaScript or VBScript from  launching downloaded executable content,01_Defender_for_Endpoint (Windows + Linux),CISv4 - WIN - L1 - ASR: Block JavaScript or VBScript from  launching downloaded executable content,settings_catalog_policy,64,ASR - BLOCK - Block JavaScript or VBScript from launching downloaded executable content,Windows 11,L1,Endpoint Security,Attack Surface Reduction (ASR),SI-3,8.7,Blocks script-based malware delivery — covers a primary web-based attack vector,mapped,prefix,
CISv4 - WIN - L1 - ASR Block Office communication application  from creating child processes,01_Defender_for_Endpoint (Windows + Linux),CISv4 - WIN - L1 - ASR: Block Office communication application  from creating child processes,settings_catalog_policy,66,ASR - BLOCK - Block Office communication application from creating child processes,Windows 11,L1,Endpoint Security,Attack Surface Reduction (ASR),SI-3,8.7,Blocks Outlook/Teams from spawning child processes — prevents email client exploitation,mapped,prefix,
CISv4 - WIN - L1 - ASR Block Win32 API calls from Office  macros,01_Defender_for_Endpoint (Windows + Linux),CISv4 - WIN - L1 - ASR: Block Win32 API calls from Office  macros,settings_catalog_policy,58,ASR - BLOCK - Block Win32 API calls from Office macros,Windows 11,L1,Endpoint Security,Attack Surface Reduction (ASR),SI-3,8.7,Macro-based attacks are a top threat vector — directly evidences ISO 8.7 macro controls,mapped,prefix,
CISv4 - WIN - L1 - ASR Block all Office applications from creating  child processes,01_Defender_for_Endpoint (Windows + Linux),CISv4 - WIN - L1 - ASR: Block all Office applications from creating  child processes,settings_catalog_policy,67,ASR - BLOCK - Block all Office applications from creating child processes,Windows 11,L1,Endpoint Security,Attack Surface Reduction (ASR),SI-3,8.7,Blanket block on Office spawning any child process — strongest Office attack surface control,mapped,prefix,
CISv4 - WIN - L1 - ASR Block credential stealing from the  Windows local security authority subsystem,01_Defender_for_Endpoint (Windows + Linux),CISv4 - WIN - L1 - ASR: Block credential stealing from the  Windows local security authority subsystem,settings_catalog_policy,56,ASR - BLOCK - Block credential stealing from the Windows local security authority subsystem,Windows 11,L1,Endpoint Security,Attack Surface Reduction (ASR),"SI-3, SI-16",8.7,"Blocks LSASS dumping — highest-value ASR rule. ES BLOCK policy used: proper template reference, enforced block mode",mapped,prefix,
CISv4 - WIN - L1 - ASR Block executable content from email  client and webmail,01_Defender_for_Endpoint (Windows + Linux),CISv4 - WIN - L1 - ASR: Block executable content from email  client and webmail,settings_catalog_policy,57,ASR - BLOCK - Block executable content from email client and webmail,Windows 11,L1,Endpoint Security,Attack Surface Reduction (ASR),SI-3,8.7,Email is the primary malware delivery vector — enforced block mode with template reference,mapped,prefix,
"CISv4 - WIN - L1 - ASR Block executable files from running  unless they meet a prevalence, age, or trusted list criterion'",01_Defender_for_Endpoint (Windows + Linux),"CISv4 - WIN - L1 - ASR: Block executable files from running  unless they meet a prevalence, age, or trusted list criterion'",settings_catalog_policy,,,,,,,,,,UNMAPPED — no workbook row,unmapped,
CISv4 - WIN - L1 - ASR Block execution of potentially obfuscated  scripts,01_Defender_for_Endpoint (Windows + Linux),CISv4 - WIN - L1 - ASR: Block execution of potentially obfuscated  scripts,settings_catalog_policy,,,,,,,,,,UNMAPPED — no workbook row,unmapped,
CISv4 - WIN - L1 - ASR Block persistence through WMI event  subscription,01_Defender_for_Endpoint (Windows + Linux),CISv4 - WIN - L1 - ASR: Block persistence through WMI event  subscription,settings_catalog_policy,69,ASR - BLOCK - Block persistence through WMI event subscription,Windows 11,L1,Endpoint Security,Attack Surface Reduction (ASR),SI-3,8.7,Blocks WMI-based persistence — a favourite technique for fileless malware and APT actors,mapped,prefix,
CISv4 - WIN - L1 - ASR Block process creations originating from  PSExec and WMI commands,01_Defender_for_Endpoint (Windows + Linux),CISv4 - WIN - L1 - ASR: Block process creations originating from  PSExec and WMI commands,settings_catalog_policy,61,CISv4 - WIN - L1 - ASR Block process creations originating from  PSExec and WMI commands,Windows 11,L1,CIS,Attack Surface Reduction (ASR),SI-3,8.7,Blocks living-off-the-land lateral movement via PSExec and WMI — CIS L1 version used (no ES BLOCK equivalent exists for this specific rule),mapped,exact,
CISv4 - WIN - L1 - ASR Block untrusted and unsigned processes  that run from USB,01_Defender_for_Endpoint (Windows + Linux),CISv4 - WIN - L1 - ASR: Block untrusted and unsigned processes  that run from USB,settings_catalog_policy,62,ASR - BLOCK - Block untrusted and unsigned processes that run from USB,Windows 11,L1,Endpoint Security,Attack Surface Reduction (ASR),"SI-3, MP-7",8.7,Blocks malware execution from USB drives — ES BLOCK version with template reference,mapped,prefix,
CISv4 - WIN - L2 - Enable File Hash Computation,01_Defender_for_Endpoint (Windows + Linux),CISv4 - WIN - L2 - Enable File Hash Computation,settings_catalog_policy,20,CISv4 - WIN - L2 - Enable File Hash Computation,Windows 11,L2,CIS,Malware Protection,"SI-3, SI-7",8.7,"Defender computes file hashes for threat intelligence — invisible to users, strengthens SI-3 and SI-7 evidence",mapped,exact,
Baseline - Device Password Policy (Consolidated),02_Windows_CIS_Benchmark_Hardening,Baseline - Device Password Policy (Consolidated),settings_catalog_policy,1,Baseline - Device Password Policy (Consolidated),Windows 11,L1,CIS,Authentication & Account Security,"IA-5, AC-11, AC-7","8.5, 8.1, 5.17","Consolidates the 6 separate 'Device Password Enabled...' policies from the original baseline into one. The DeviceLock CSP requires all child settings (min length, complexity, lockout, inactivity, history) to travel together under one parent setting — deploying the original 6 as separate policies to the same device causes a genuine Intune Settings Catalog conflict, since each file reset the others' settings back to schema defaults. Fixed 2026-09: min length 14, alphanumeric required, 5 failed attempts, 15 min inactivity, 24-password history, enabled.",mapped,exact,
CISv4 - WIN - L1 - 'User Account Control Behavior of the  elevation prompt for standard users,02_Windows_CIS_Benchmark_Hardening,CISv4 - WIN - L1 - 'User Account Control: Behavior of the  elevation prompt for standard users,settings_catalog_policy,31,CISv4 - WIN - L1 - 'User Account Control Behavior of the  elevation prompt for standard users,Windows 11,L1,CIS,UAC & Privileged Access,AC-6,8.2,Ensures standard users cannot self-elevate — AC-6 least privilege enforcement,mapped,exact,
CISv4 - WIN - L1 - Accounts Enable Guest account status,02_Windows_CIS_Benchmark_Hardening,CISv4 - WIN - L1 - Accounts: Enable Guest account status,settings_catalog_policy,2,CISv4 - WIN - L1 - Accounts Enable Guest account status,Windows 11,L1,CIS,Authentication & Account Security,AC-2,"5.16, 8.2",Disabling guest access is a mandatory AC-2 control — auditors always check this,mapped,exact,
CISv4 - WIN - L1 - Accounts Limit local account use of blank  passwords to console logon only',02_Windows_CIS_Benchmark_Hardening,CISv4 - WIN - L1 - Accounts: Limit local account use of blank  passwords to console logon only',settings_catalog_policy,3,CISv4 - WIN - L1 - Accounts Limit local account use of blank  passwords to console logon only',Windows 11,L1,CIS,Authentication & Account Security,IA-5,"8.5, 5.17",Blocks remote access with blank passwords — critical IA-5 evidence,mapped,exact,
CISv4 - WIN - L1 - Accounts Rename administrator account,02_Windows_CIS_Benchmark_Hardening,CISv4 - WIN - L1 - Accounts: Rename administrator account,settings_catalog_policy,4,CISv4 - WIN - L1 - Accounts Rename administrator account,Windows 11,L1,CIS,Authentication & Account Security,"AC-2, AC-6","5.16, 8.2",Removes predictable attack target — standard auditor check for AC-2/AC-6,mapped,exact,
CISv4 - WIN - L1 - Allow Basic authentication WinRM Client,02_Windows_CIS_Benchmark_Hardening,CISv4 - WIN - L1 - Allow Basic authentication WinRM Client,settings_catalog_policy,,,,,,,,,,UNMAPPED — no workbook row,unmapped,
CISv4 - WIN - L1 - Allow Indexing Encrypted Stores Or Items,02_Windows_CIS_Benchmark_Hardening,CISv4 - WIN - L1 - Allow Indexing Encrypted Stores Or Items,settings_catalog_policy,,,,,,,,,,UNMAPPED — no workbook row,unmapped,
CISv4 - WIN - L1 - Always prompt for password upon connection,02_Windows_CIS_Benchmark_Hardening,CISv4 - WIN - L1 - Always prompt for password upon connection,settings_catalog_policy,41,CISv4 - WIN - L1 - Always prompt for password upon connection,Windows 11,L1,CIS,Remote Access,"AC-17, IA-2",8.5,Prevents credential caching on RDP reconnect — AC-17 and ISO 8.5 evidence,mapped,exact,
CISv4 - WIN - L1 - Apply UAC restrictions to local accounts on  network logons,02_Windows_CIS_Benchmark_Hardening,CISv4 - WIN - L1 - Apply UAC restrictions to local accounts on  network logons,settings_catalog_policy,32,CISv4 - WIN - L1 - Apply UAC restrictions to local accounts on  network logons,Windows 11,L1,CIS,UAC & Privileged Access,"AC-6, AC-3",8.2,Prevents pass-the-hash lateral movement via local admin — critical AC-6 network control,mapped,exact,
CISv4 - WIN - L1 - Configure Lsa Protected Process is set to  'Enabled with UEFI Lock,02_Windows_CIS_Benchmark_Hardening,CISv4 - WIN - L1 - Configure Lsa Protected Process is set to  'Enabled with UEFI Lock...,settings_catalog_policy,27,CISv4 - WIN - L1 - Configure Lsa Protected Process is set to  'Enabled with UEFI Lock,Windows 11,L1,CIS,Credential Protection,"SC-3, SI-16",8.1,LSA protection prevents credential dumping — key evidence for SI-16 and ISO 8.1,mapped,exact,
CISv4 - WIN - L1 - Configure SMB v1 client driver,02_Windows_CIS_Benchmark_Hardening,CISv4 - WIN - L1 - Configure SMB v1 client driver,settings_catalog_policy,35,CISv4 - WIN - L1 - Configure SMB v1 client driver,Windows 11,L1,CIS,Network Security,"CM-7, SC-8","8.9, 8.20",Disabling SMBv1 closes the EternalBlue attack surface — standard audit expectation,mapped,exact,
CISv4 - WIN - L1 - Configure SMB v1 server,02_Windows_CIS_Benchmark_Hardening,CISv4 - WIN - L1 - Configure SMB v1 server,settings_catalog_policy,36,CISv4 - WIN - L1 - Configure SMB v1 server,Windows 11,L1,CIS,Network Security,"CM-7, SC-8","8.9, 8.20",Server-side SMBv1 disable — auditors check both client and server settings,mapped,exact,
CISv4 - WIN - L1 - Credential Guard,02_Windows_CIS_Benchmark_Hardening,CISv4 - WIN - L1 - Credential Guard,settings_catalog_policy,,,,,,,,,,UNMAPPED — no workbook row,unmapped,
CISv4 - WIN - L1 - Interactive logon Machine inactivity limit,02_Windows_CIS_Benchmark_Hardening,CISv4 - WIN - L1 - Interactive logon: Machine inactivity limit,settings_catalog_policy,46,CISv4 - WIN - L1 - Interactive logon Machine inactivity limit,Windows 11,L1,CIS,Screen Lock & Session,AC-11,8.1,Idle timeout lockout — one of the most commonly tested physical security controls,mapped,exact,
CISv4 - WIN - L1 - Interactive logon Smart card removal  behavior,02_Windows_CIS_Benchmark_Hardening,CISv4 - WIN - L1 - Interactive logon: Smart card removal  behavior,settings_catalog_policy,47,CISv4 - WIN - L1 - Interactive logon Smart card removal  behavior,Windows 11,L1,CIS,Screen Lock & Session,AC-11,8.1,Locks workstation on smart card removal — supports AC-11 session termination,mapped,exact,
CISv4 - WIN - L1 - MSS (AutoAdminLogon) Enable Automatic  Logon (not recommended),02_Windows_CIS_Benchmark_Hardening,CISv4 - WIN - L1 - MSS: (AutoAdminLogon) Enable Automatic  Logon (not recommended),settings_catalog_policy,,,,,,,,,,UNMAPPED — no workbook row,unmapped,
CISv4 - WIN - L1 - Microsoft network client Digitally sign  communications (always),02_Windows_CIS_Benchmark_Hardening,CISv4 - WIN - L1 - Microsoft network client: Digitally sign  communications (always),settings_catalog_policy,37,CISv4 - WIN - L1 - Microsoft network client Digitally sign  communications (always),Windows 11,L1,CIS,Network Security,SC-8,8.20,"Mandates SMB signing — prevents relay attacks, directly evidences SC-8",mapped,exact,
CISv4 - WIN - L1 - Microsoft network server Digitally sign  communications (always),02_Windows_CIS_Benchmark_Hardening,CISv4 - WIN - L1 - Microsoft network server: Digitally sign  communications (always),settings_catalog_policy,,,,,,,,,,UNMAPPED — no workbook row,unmapped,
CISv4 - WIN - L1 - Network security Do not store LAN Manager  hash value on next password change,02_Windows_CIS_Benchmark_Hardening,CISv4 - WIN - L1 - Network security: Do not store LAN Manager  hash value on next password change,settings_catalog_policy,28,CISv4 - WIN - L1 - Network security Do not store LAN Manager  hash value on next password change,Windows 11,L1,CIS,Credential Protection,IA-5,"8.5, 5.17",Eliminates weak LM hash storage — directly satisfies IA-5 and ISO 5.17,mapped,exact,
CISv4 - WIN - L1 - Network security LAN Manager authentication  level,02_Windows_CIS_Benchmark_Hardening,CISv4 - WIN - L1 - Network security: LAN Manager authentication  level,settings_catalog_policy,34,CISv4 - WIN - L1 - Network security LAN Manager authentication  level,Windows 11,L1,CIS,Network Security,"IA-3, SC-8","8.5, 8.20","Sets NTLMv2-only — eliminates weak auth protocols, satisfies SC-8 and ISO 8.5",mapped,exact,
CISv4 - WIN - L1 - Prevent the use of security questions for  local accounts,02_Windows_CIS_Benchmark_Hardening,CISv4 - WIN - L1 - Prevent the use of security questions for  local accounts,settings_catalog_policy,5,CISv4 - WIN - L1 - Prevent the use of security questions for  local accounts,Windows 11,L1,CIS,Authentication & Account Security,IA-5,"8.5, 5.17",Eliminates weak authenticator fallback — directly addresses IA-5 and ISO 5.17,mapped,exact,
CISv4 - WIN - L1 - Require a password when a computer  wakes (plugged in),02_Windows_CIS_Benchmark_Hardening,CISv4 - WIN - L1 - Require a password when a computer  wakes (plugged in),settings_catalog_policy,48,CISv4 - WIN - L1 - Require a password when a computer  wakes (plugged in),Windows 11,L1,CIS,Screen Lock & Session,AC-11,8.1,Ensures wake-from-sleep requires re-authentication — AC-11 evidence for auditors,mapped,exact,
CISv4 - WIN - L1 - Require secure RPC communication,02_Windows_CIS_Benchmark_Hardening,CISv4 - WIN - L1 - Require secure RPC communication,settings_catalog_policy,42,CISv4 - WIN - L1 - Require secure RPC communication,Windows 11,L1,CIS,Remote Access,SC-8,8.20,Authenticated and encrypted RPC — closes unauthenticated RPC exploitation path,mapped,exact,
CISv4 - WIN - L1 - Require user authentication for remote  connections by using Network Level Authentication,02_Windows_CIS_Benchmark_Hardening,CISv4 - WIN - L1 - Require user authentication for remote  connections by using Network Level Authentication,settings_catalog_policy,39,CISv4 - WIN - L1 - Require user authentication for remote  connections by using Network Level Authentication,Windows 11,L1,CIS,Remote Access,"AC-17, IA-2","8.5, 8.20",NLA for RDP is one of the first remote access controls auditors test,mapped,exact,
CISv4 - WIN - L1 - Set client connection encryption level,02_Windows_CIS_Benchmark_Hardening,CISv4 - WIN - L1 - Set client connection encryption level,settings_catalog_policy,40,CISv4 - WIN - L1 - Set client connection encryption level,Windows 11,L1,CIS,Remote Access,"AC-17, SC-8",8.20,Forces high encryption on RDP sessions — directly evidences SC-8 for remote access,mapped,exact,
CISv4 - WIN - L1 - User Account Control Behavior of the  elevation prompt for administrators,02_Windows_CIS_Benchmark_Hardening,CISv4 - WIN - L1 - User Account Control: Behavior of the  elevation prompt for administrators,settings_catalog_policy,30,CISv4 - WIN - L1 - User Account Control Behavior of the  elevation prompt for administrators,Windows 11,L1,CIS,UAC & Privileged Access,AC-6,8.2,Controls how admin elevation is triggered — auditors verify prompt is not bypassed,mapped,exact,
CISv4 - WIN - L1 - User Account Control Run all administrators  in Admin Approval Mode,02_Windows_CIS_Benchmark_Hardening,CISv4 - WIN - L1 - User Account Control: Run all administrators  in Admin Approval Mode,settings_catalog_policy,29,CISv4 - WIN - L1 - User Account Control Run all administrators  in Admin Approval Mode,Windows 11,L1,CIS,UAC & Privileged Access,AC-6,8.2,Admin Approval Mode is the cornerstone of least-privilege enforcement on Windows,mapped,exact,
CISv4 - WIN - L1 - WDigest Authentication,02_Windows_CIS_Benchmark_Hardening,CISv4 - WIN - L1 - WDigest Authentication,settings_catalog_policy,26,CISv4 - WIN - L1 - WDigest Authentication,Windows 11,L1,CIS,Credential Protection,"IA-5, SC-28",8.5,Disabling WDigest prevents cleartext credential caching — critical IA-5 and ISO 8.5 control,mapped,exact,
CISv4 - WIN - L2 - Set time limit for active but idle  Remote Desktop Services sessions,02_Windows_CIS_Benchmark_Hardening,CISv4 - WIN - L2 - Set time limit for active but idle  Remote Desktop Services sessions,settings_catalog_policy,44,CISv4 - WIN - L2 - Set time limit for active but idle  Remote Desktop Services sessions,Windows 11,L2,CIS,Remote Access,"AC-11, AC-17",8.1,"Idle RDS session timeout — zero user impact, directly satisfies AC-11 and ISO 8.1",mapped,exact,
CISv4 - WIN - L2 - Set time limit for disconnected  sessions,02_Windows_CIS_Benchmark_Hardening,CISv4 - WIN - L2 - Set time limit for disconnected  sessions,settings_catalog_policy,45,CISv4 - WIN - L2 - Set time limit for disconnected  sessions,Windows 11,L2,CIS,Remote Access,"AC-11, AC-17",8.1,"Cleans up disconnected sessions — prevents abandoned authenticated sessions, AC-11 evidence",mapped,exact,
CISv4 - WIN - L1 - Account Logon Audit Credential Validation,03_Audit_and_Logging,CISv4 - WIN - L1 - Account Logon Audit Credential Validation,settings_catalog_policy,7,CISv4 - WIN - L1 - Account Logon Audit Credential Validation,Windows 11,L1,CIS,Audit & Logging,"AU-2, AU-12",8.15,Captures credential use events — core audit log evidence for AU-2,mapped,exact,
CISv4 - WIN - L1 - Account Logon Logoff Audit Account Lockout,03_Audit_and_Logging,CISv4 - WIN - L1 - Account Logon Logoff Audit Account Lockout,settings_catalog_policy,9,CISv4 - WIN - L1 - Account Logon Logoff Audit Account Lockout,Windows 11,L1,CIS,Audit & Logging,"AU-2, AU-12",8.15,Lockout events evidence enforcement of AC-7 — auditors cross-reference these,mapped,exact,
CISv4 - WIN - L1 - Account Logon Logoff Audit Logon,03_Audit_and_Logging,CISv4 - WIN - L1 - Account Logon Logoff Audit Logon,settings_catalog_policy,8,CISv4 - WIN - L1 - Account Logon Logoff Audit Logon,Windows 11,L1,CIS,Audit & Logging,"AU-2, AU-12",8.15,Logon event capture is the most commonly audited log category,mapped,exact,
CISv4 - WIN - L1 - Audit Changes to Audit Policy,03_Audit_and_Logging,CISv4 - WIN - L1 - Audit Changes to Audit Policy,settings_catalog_policy,13,CISv4 - WIN - L1 - Audit Changes to Audit Policy,Windows 11,L1,CIS,Audit & Logging,"AU-2, AU-9",8.15,Detects tampering with audit config — required for AU-9 protection of logs,mapped,exact,
CISv4 - WIN - L1 - Audit Special Logon,03_Audit_and_Logging,CISv4 - WIN - L1 - Audit Special Logon,settings_catalog_policy,,,,,,,,,,UNMAPPED — no workbook row,unmapped,
CISv4 - WIN - L1 - Audit User Account Management,03_Audit_and_Logging,CISv4 - WIN - L1 - Audit User Account Management,settings_catalog_policy,10,CISv4 - WIN - L1 - Audit User Account Management,Windows 11,L1,CIS,Audit & Logging,"AU-2, AU-12",8.15,Captures account creation/modification — required for AC-2 audit trail,mapped,exact,
CISv4 - WIN - L1 - Object Access Audit Removable Storage,03_Audit_and_Logging,CISv4 - WIN - L1 - Object Access Audit Removable Storage,settings_catalog_policy,15,CISv4 - WIN - L1 - Object Access Audit Removable Storage,Windows 11,L1,CIS,Audit & Logging,"AU-2, AU-12",8.15,Audits all removable storage access events — ISO 8.15 evidence and forensic trail for USB activity,mapped,exact,
CISv4 - WIN - L1 - Privilege Use Audit Sensitive Privilege Use,03_Audit_and_Logging,CISv4 - WIN - L1 - Privilege Use Audit Sensitive Privilege Use,settings_catalog_policy,12,CISv4 - WIN - L1 - Privilege Use Audit Sensitive Privilege Use,Windows 11,L1,CIS,Audit & Logging,"AU-2, AU-12",8.15,Logs use of sensitive privileges — directly satisfies AU-2 and ISO 8.16,mapped,exact,
CISv4 - WIN - L1 - Specify the maximum log file size (KB) Security,03_Audit_and_Logging,CISv4 - WIN - L1 - Specify the maximum log file size (KB) Security,settings_catalog_policy,14,CISv4 - WIN - L1 - Specify the maximum log file size (KB) Security,Windows 11,L1,CIS,Audit & Logging,AU-11,8.15,Ensures logs are retained and not overwritten — AU-11 retention evidence,mapped,exact,
CISv4 - WIN - L2 - Turn on PowerShell Script Block Logging,03_Audit_and_Logging,CISv4 - WIN - L2 - Turn on PowerShell Script Block Logging,settings_catalog_policy,16,CISv4 - WIN - L2 - Turn on PowerShell Script Block Logging,Windows 11,L2,CIS,Audit & Logging,"AU-2, AU-12",8.15,"Logs every PowerShell command executed — zero user impact, critical for incident investigation and AU-2 evidence",mapped,exact,
CISv4 - WIN - L2 - Turn on PowerShell Transcription,03_Audit_and_Logging,CISv4 - WIN - L2 - Turn on PowerShell Transcription,settings_catalog_policy,17,CISv4 - WIN - L2 - Turn on PowerShell Transcription,Windows 11,L2,CIS,Audit & Logging,"AU-2, AU-12",8.15,"Full PowerShell session transcripts — invisible to users, strongest forensic audit trail available on Windows",mapped,exact,
Baseline - Account Protection,04_Identity_and_Authentication,Baseline - Account Protection,endpoint_security_intent,95,Baseline - Account Protection,Windows 11,L1,Endpoint Security,UAC & Privileged Access,"AC-6, IA-2",8.2,Microsoft's bundled account-protection template (Windows Hello / credential-guard-adjacent controls).,mapped,exact,
CISv4 - WIN - L2 - Support device authentication using  certificate,04_Identity_and_Authentication,CISv4 - WIN - L2 - Support device authentication using  certificate,settings_catalog_policy,6,CISv4 - WIN - L2 - Support device authentication using  certificate,Windows 11,L2,CIS,Authentication & Account Security,IA-3,8.5,Certificate-based device authentication strengthens IA-3 — no user-facing impact,mapped,exact,
Baseline - Block add MSA accounts and non-MSA accounts,05_Tenant_and_Account_Access_Control,Baseline - Block add MSA accounts and non-MSA accounts,settings_catalog_policy,86,Baseline - Block add MSA accounts and non-MSA accounts,Windows 11,L1,Modern Workplace,Identity & Account Control,"AC-2, IA-8","5.16, 8.5",Blocks personal Microsoft accounts and non-Microsoft accounts at OS level — prevents users signing into Edge or apps with personal credentials. Deploy as-is. ⚠ Import via: Devices > Configuration (Settings Catalog),mapped,exact,
Baseline - One Drive management settings,05_Tenant_and_Account_Access_Control,Baseline - One Drive management settings,settings_catalog_policy,87,Baseline - One Drive management settings,Windows 11,L2,Modern Workplace,Identity & Account Control,"AC-2, AC-3","5.15, 8.3",Restricts OneDrive to org tenant only via allowtenantlist — prevents personal OneDrive sign-in. Also includes mass delete protection and auto-mount of Teams sites. ⚠ REQUIRES CUSTOMISATION: Add customer Entra Tenant ID to allowtenantlist before deploying. ⚠ Import via: Devices > Configuration (Settings Catalog),mapped,exact,
Baseline - Teams - Restrict sign in to Teams to accounts in specific tenants,05_Tenant_and_Account_Access_Control,Baseline - Teams - Restrict sign in to Teams to accounts in specific tenants,settings_catalog_policy,,,,,,,,,,UNMAPPED — no workbook row,unmapped,
Baseline - Bitlocker Policy,06_Data_Encryption,Baseline - Bitlocker Policy,endpoint_security_intent,22,Baseline - Bitlocker Policy,Windows 11,L1,Endpoint Security,Encryption at Rest,"SC-28, MP-5",8.24,"ENFORCES BitLocker on OS drive (XTS-AES 256), fixed drives, and requires BitLocker To Go on USB drives before write access is granted. Recovery keys escrowed to Entra ID. Silent deployment — no user prompt. ⚠ Import via: Endpoint Security > Disk Encryption (not Settings Catalog)",mapped,exact,
Baseline - Linux - Device Encryption,06_Data_Encryption,Baseline - Linux - Device Encryption,compliance_policy,,,,,,,,,,UNMAPPED — no workbook row,unmapped,
Baseline - Personal Data Encryption,06_Data_Encryption,Baseline - Personal Data Encryption,settings_catalog_policy,98,Baseline - Personal Data Encryption,Windows 11,L2,Endpoint Security,Encryption at Rest,"SC-28, MP-5",8.24,File-level encryption tied to Windows Hello sign-in - complements rather than conflicts with BitLocker. Roll out alongside WHFB.,mapped,exact,
CISv4 - Choose how BitLocker-protected  operating system drives can be recovered  Require 48-digit recovery password,06_Data_Encryption,CISv4 - Choose how BitLocker-protected  operating system drives can be recovered  Require 48-digit recovery password,settings_catalog_policy,23,CISv4 - Choose how BitLocker-protected  operating system drives can be recovered  Require 48-digit recovery password,Windows 11,L1,CIS,Encryption at Rest,SC-28,8.24,Configures 48-digit recovery password requirement — complements the BitLocker enforcement policy above,mapped,exact,
Baseline - SSL Cipher Suite Order,07_Firewall_and_Network_Security,Baseline - SSL Cipher Suite Order,settings_catalog_policy,184,Baseline - SSL Cipher Suite Order,Windows 11,L1,Modern Workplace,Network Security,"SC-8, SC-13",8.24,Straightforward network-hardening win.,mapped,exact,
Baseline - Windows - Firewall,07_Firewall_and_Network_Security,Baseline - Windows - Firewall,settings_catalog_policy,,,,,,,,,,UNMAPPED — no workbook row,unmapped,
Baseline - Device Control,08_Removable_Media_and_Device_Control,Baseline - Device Control,settings_catalog_policy,,,,,,,,,,UNMAPPED — no workbook row,unmapped,
CISv4 - WIN - L1 - Disallow Autoplay for non-volume devices,08_Removable_Media_and_Device_Control,CISv4 - WIN - L1 - Disallow Autoplay for non-volume devices,settings_catalog_policy,50,CISv4 - WIN - L1 - Disallow Autoplay for non-volume devices,Windows 11,L1,CIS,Removable Media & USB,"MP-7, CM-7",8.9,Extends autoplay block to non-volume devices like phones — closes MP-7 gap,mapped,exact,
CISv4 - WIN - L1 - Turn off Autoplay,08_Removable_Media_and_Device_Control,CISv4 - WIN - L1 - Turn off Autoplay,settings_catalog_policy,,,,,,,,,,UNMAPPED — no workbook row,unmapped,
CISv4 - WIN - L1 - Allow Auto Update,09_Patch_Management,CISv4 - WIN - L1 - Allow Auto Update,settings_catalog_policy,51,CISv4 - WIN - L1 - Allow Auto Update,Windows 11,L1,CIS,Patch Management,SI-2,8.8,Automatic updates is the primary SI-2 flaw remediation evidence on endpoints,mapped,exact,
CISv4 - WIN - L1 - Defer Feature Updates Period in Days,09_Patch_Management,CISv4 - WIN - L1 - Defer Feature Updates Period in Days,settings_catalog_policy,54,CISv4 - WIN - L1 - Defer Feature Updates Period in Days,Windows 11,L1,CIS,Patch Management,SI-2,8.8,Controlled deferral of Feature Updates — complements Quality Updates deferral for a complete managed update posture,mapped,exact,
CISv4 - WIN - L1 - Manage preview builds,09_Patch_Management,CISv4 - WIN - L1 - Manage preview builds,settings_catalog_policy,,,,,,,,,,UNMAPPED — no workbook row,unmapped,
CISv4 - WIN - L1 - Pause Updates,09_Patch_Management,CISv4 - WIN - L1 - Pause Updates,settings_catalog_policy,53,CISv4 - WIN - L1 - Pause Updates,Windows 11,L1,CIS,Patch Management,SI-2,8.8,Prevents users from pausing Windows Updates — without this users can bypass update compliance for up to 5 weeks,mapped,exact,
CISv4 - WIN - L1 - Scheduled Install Day,09_Patch_Management,CISv4 - WIN - L1 - Scheduled Install Day,settings_catalog_policy,,,,,,,,,,UNMAPPED — no workbook row,unmapped,
Baseline - Disable Xbox services,10_Privacy_and_AI_Data_Governance,Baseline - Disable Xbox services,settings_catalog_policy,190,Baseline - Disable Xbox services,Windows 11,L1,Modern Workplace,Attack Surface Reduction (ASR),CM-7,8.9,Least-functionality win - no legitimate business use case on managed endpoints.,mapped,exact,
Baseline - Windows AI -  Turn Off Copilot in Windows (User),10_Privacy_and_AI_Data_Governance,Baseline - Windows AI -  Turn Off Copilot in Windows (User),settings_catalog_policy,106,Baseline - Windows AI - Turn Off Copilot in Windows (User),Windows 11,L1,Windows AI / Modern Workplace,AI & Data Governance,CM-7,8.9,Cross-listed in both Windows AI and Modern Workplace source folders. Default-restrictive with per-customer override.,mapped,whitespace,
Baseline - Windows AI - Block Microsoft Recall,10_Privacy_and_AI_Data_Governance,Baseline - Windows AI - Block Microsoft Recall,settings_catalog_policy,105,Baseline - Windows AI - Block Microsoft Recall,Windows 11,L1,Windows AI,AI & Data Governance,"SI-3, CM-7",8.9,High auditor/privacy visibility given Recall's screenshot-history model. Two near-identical exports exist upstream - the shorter filename is the one packaged here; confirm before deploying.,mapped,exact,
Baseline - Windows AI - Copilot access to Microsoft Edge page content for Entra account,10_Privacy_and_AI_Data_Governance,Baseline - Windows AI - Copilot access to Microsoft Edge page content for Entra account,settings_catalog_policy,108,Baseline - Windows AI - Copilot access to Microsoft Edge page content for Entra account,Edge,L2,Windows AI,AI & Data Governance,"AC-4, CM-7",8.9,Governs whether Copilot can read page content tied to a work identity - key DLP control as Copilot rolls out.,mapped,exact,
Baseline - Windows AI - Disable Click To Do,10_Privacy_and_AI_Data_Governance,Baseline - Windows AI - Disable Click To Do,settings_catalog_policy,107,Baseline - Windows AI - Disable Click To Do,Windows 11,L2,Windows AI,AI & Data Governance,"SI-3, CM-7",8.9,Recall-adjacent on-screen OCR/action feature - same data-governance rationale as Recall.,mapped,exact,
Baseline - Windows AI - Enable Edge GenAI local foundational model  ,10_Privacy_and_AI_Data_Governance,Baseline - Windows AI - Enable Edge GenAI local foundational model  ,settings_catalog_policy,109,Baseline - Windows AI - Enable Edge GenAI local foundational model,Edge,L2,Browser Benchmarks,AI & Data Governance,CM-7,8.9,"On-device model - data does not leave the endpoint, but the feature is immature. Pilot before wide deployment.",mapped,whitespace,
Baseline - Windows AI - Settings Agent,10_Privacy_and_AI_Data_Governance,Baseline - Windows AI -  Settings Agent,settings_catalog_policy,,,,,,,,,,UNMAPPED — no workbook row,unmapped,
CISv4 - WIN - L2 - Disable Advertising ID,10_Privacy_and_AI_Data_Governance,CISv4 - WIN - L2 - Disable Advertising ID,settings_catalog_policy,72,CISv4 - WIN - L2 - Disable Advertising ID,Windows 11,L2,CIS,Privacy & Data Governance,CM-7,8.9,"Kills the per-user advertising identifier — no functional impact, strong privacy compliance signal for ISO 8.9",mapped,exact,
CISv4 - WIN - L2 - Upload User Activities,10_Privacy_and_AI_Data_Governance,CISv4 - WIN - L2 - Upload User Activities,settings_catalog_policy,73,CISv4 - WIN - L2 - Upload User Activities,Windows 11,L2,CIS,Privacy & Data Governance,CM-7,8.9,"Disables Windows timeline syncing to Microsoft — invisible to users, prevents personal activity data leaving managed environment",mapped,exact,
CISv3 - EDGE - L1 - Allow Basic authentication for HTTP,11_Microsoft_Edge_CIS_Benchmark,CISv3 - EDGE - L1 - Allow Basic authentication for HTTP,settings_catalog_policy,,,,,,,,,,UNMAPPED — no workbook row,unmapped,
CISv3 - EDGE - L1 - Allow Google Cast to connect to Cast devices on all IP addresses,11_Microsoft_Edge_CIS_Benchmark,CISv3 - EDGE - L1 - Allow Google Cast to connect to Cast devices on all IP addresses,settings_catalog_policy,127,CISv3 - EDGE - L1 - Allow Google Cast to connect to Cast devices on all IP addresses,Edge,L1,CIS,Network Security,SC-7,8.20,Restricted to local subnet rather than any IP.,mapped,exact,
CISv3 - EDGE - L1 - Allow cross-origin HTTP Authentication prompts,11_Microsoft_Edge_CIS_Benchmark,CISv3 - EDGE - L1 - Allow cross-origin HTTP Authentication prompts,settings_catalog_policy,112,CISv3 - EDGE - L1 - Allow cross-origin HTTP Authentication prompts,Edge,L1,CIS,Edge Browser Security,"IA-5, SC-8",8.5,Prevents a classic cross-origin credential-phishing vector.,mapped,exact,
CISv3 - EDGE - L1 - Allow download restrictions,11_Microsoft_Edge_CIS_Benchmark,CISv3 - EDGE - L1 - Allow download restrictions,settings_catalog_policy,113,CISv3 - EDGE - L1 - Allow download restrictions,Edge,L1,CIS,Edge Browser Security,SI-3,8.7,Enables dangerous-file download blocking.,mapped,exact,
CISv3 - EDGE - L1 - Allow import of data from other browsers on each Microsoft Edge launch,11_Microsoft_Edge_CIS_Benchmark,CISv3 - EDGE - L1 - Allow import of data from other browsers on each Microsoft Edge launch,settings_catalog_policy,128,CISv3 - EDGE - L1 - Allow import of data from other browsers on each Microsoft Edge launch,Edge,L1,CIS,Credential Protection,IA-5,8.5,Prevents automatic cross-browser data import on every launch.,mapped,exact,
CISv3 - EDGE - L1 - Allow importing of autofill form data,11_Microsoft_Edge_CIS_Benchmark,CISv3 - EDGE - L1 - Allow importing of autofill form data,settings_catalog_policy,129,CISv3 - EDGE - L1 - Allow importing of autofill form data,Edge,L1,CIS,Credential Protection,IA-5,8.5,Same family as the saved-passwords import control already deployed.,mapped,exact,
CISv3 - EDGE - L1 - Allow importing of browser settings,11_Microsoft_Edge_CIS_Benchmark,CISv3 - EDGE - L1 - Allow importing of browser settings,settings_catalog_policy,130,CISv3 - EDGE - L1 - Allow importing of browser settings,Edge,L1,CIS,Privacy & Data Governance,CM-7,8.9,Limits unmanaged settings drift from personal browser profiles.,mapped,exact,
CISv3 - EDGE - L1 - Allow importing of payment info,11_Microsoft_Edge_CIS_Benchmark,CISv3 - EDGE - L1 - Allow importing of payment info,settings_catalog_policy,131,CISv3 - EDGE - L1 - Allow importing of payment info,Edge,L1,CIS,Privacy & Data Governance,"SC-28, MP-5",8.24,Payment-data-adjacent import control.,mapped,exact,
CISv3 - EDGE - L1 - Allow importing of saved passwords,11_Microsoft_Edge_CIS_Benchmark,CISv3 - EDGE - L1 - Allow importing of saved passwords,settings_catalog_policy,,,,,,,,,,UNMAPPED — no workbook row,unmapped,
CISv3 - EDGE - L1 - Allow queries to a Browser Network Time service,11_Microsoft_Edge_CIS_Benchmark,CISv3 - EDGE - L1 - Allow queries to a Browser Network Time service,settings_catalog_policy,143,CISv3 - EDGE - L1 - Allow queries to a Browser Network Time service,Edge,L1,CIS,Network Security,SC-7,8.20,Minor network-beaconing reduction.,mapped,exact,
CISv3 - EDGE - L1 - Allow remote debugging,11_Microsoft_Edge_CIS_Benchmark,CISv3 - EDGE - L1 - Allow remote debugging,settings_catalog_policy,114,CISv3 - EDGE - L1 - Allow remote debugging,Edge,L1,CIS,Edge Browser Security,SI-7,8.7,"Blocks the remote debugging protocol, a known session/credential-theft vector.",mapped,exact,
CISv3 - EDGE - L1 - Allow the audio sandbox to run,11_Microsoft_Edge_CIS_Benchmark,CISv3 - EDGE - L1 - Allow the audio sandbox to run,settings_catalog_policy,137,CISv3 - EDGE - L1 - Allow the audio sandbox to run,Edge,L1,CIS,Malware Protection,SC-3,8.7,Process-isolation hardening for audio handling.,mapped,exact,
CISv3 - EDGE - L1 - Allow websites to query for available payment methods,11_Microsoft_Edge_CIS_Benchmark,CISv3 - EDGE - L1 - Allow websites to query for available payment methods,settings_catalog_policy,132,CISv3 - EDGE - L1 - Allow websites to query for available payment methods,Edge,L1,CIS,Privacy & Data Governance,CM-7,8.9,Reduces fingerprinting/payment-enumeration surface.,mapped,exact,
CISv3 - EDGE - L1 - Blocks external extensions from being installed,11_Microsoft_Edge_CIS_Benchmark,CISv3 - EDGE - L1 - Blocks external extensions from being installed,settings_catalog_policy,76,CISv3 - EDGE - L1 - Blocks external extensions from being installed,Edge,L1,CIS,Edge Browser Security,"CM-7, CM-11",8.9,Prevents unauthorised browser extensions — CM-7/CM-11 software control evidence,mapped,exact,
CISv3 - EDGE - L1 - Clear browsing data when Microsoft Edge closes,11_Microsoft_Edge_CIS_Benchmark,CISv3 - EDGE - L1 - Clear browsing data when Microsoft Edge closes,settings_catalog_policy,144,CISv3 - EDGE - L1 - Clear browsing data when Microsoft Edge closes,Edge,L1,CIS,Privacy & Data Governance,-,-,Pilot first - some business web apps rely on persisted cache/session state.,mapped,exact,
CISv3 - EDGE - L1 - Clear cached images and files when Microsoft Edge closes,11_Microsoft_Edge_CIS_Benchmark,CISv3 - EDGE - L1 - Clear cached images and files when Microsoft Edge closes,settings_catalog_policy,145,CISv3 - EDGE - L1 - Clear cached images and files when Microsoft Edge closes,Edge,L1,CIS,Privacy & Data Governance,-,-,Same functional caveat as clearing browsing data.,mapped,exact,
CISv3 - EDGE - L1 - Clear history for IE and IE mode every time you exit,11_Microsoft_Edge_CIS_Benchmark,CISv3 - EDGE - L1 - Clear history for IE and IE mode every time you exit,settings_catalog_policy,146,CISv3 - EDGE - L1 - Clear history for IE and IE mode every time you exit,Edge,L1,CIS,Privacy & Data Governance,-,-,Only relevant where IE mode is used for legacy line-of-business apps.,mapped,exact,
CISv3 - EDGE - L1 - Compose is enabled for writing on the web,11_Microsoft_Edge_CIS_Benchmark,CISv3 - EDGE - L1 - Compose is enabled for writing on the web,settings_catalog_policy,147,CISv3 - EDGE - L1 - Compose is enabled for writing on the web,Edge,L1,CIS,AI & Data Governance,CM-7,8.9,AI writing assistant - review data flow to the cloud model before deciding per customer.,mapped,exact,
CISv3 - EDGE - L1 - Configure Edge Website Typo Protection,11_Microsoft_Edge_CIS_Benchmark,CISv3 - EDGE - L1 - Configure Edge Website Typo Protection,settings_catalog_policy,126,CISv3 - EDGE - L1 - Configure Edge Website Typo Protection,Edge,L1,CIS,Malware Protection,SI-3,8.7,"Anti-typosquatting protection, Defender-adjacent.",mapped,exact,
CISv3 - EDGE - L1 - Configure InPrivate mode availability,11_Microsoft_Edge_CIS_Benchmark,CISv3 - EDGE - L1 - Configure InPrivate mode availability,settings_catalog_policy,148,CISv3 - EDGE - L1 - Configure InPrivate mode availability,Edge,L1,CIS,Privacy & Data Governance,-,-,Customer preference - disabling aids monitoring but may be seen as restrictive.,mapped,exact,
CISv3 - EDGE - L1 - Configure the list of names that will bypass the HSTS policy check,11_Microsoft_Edge_CIS_Benchmark,CISv3 - EDGE - L1 - Configure the list of names that will bypass the HSTS policy check,settings_catalog_policy,133,CISv3 - EDGE - L1 - Configure the list of names that will bypass the HSTS policy check,Edge,L1,CIS,Network Security,SC-8,8.20,Keep this list empty/restricted to preserve HSTS enforcement.,mapped,exact,
CISv3 - EDGE - L1 - Configure the list of types that are excluded from synchronization,11_Microsoft_Edge_CIS_Benchmark,CISv3 - EDGE - L1 - Configure the list of types that are excluded from synchronization,settings_catalog_policy,177,CISv3 - EDGE - L2 - Configure the list of types that are excluded from synchronization,Edge,L2,CIS,Privacy & Data Governance,-,-,Set per customer preference on what data syncs.,mapped,prefix,
CISv3 - EDGE - L1 - Configure users ability to override feature flags,11_Microsoft_Edge_CIS_Benchmark,CISv3 - EDGE - L1 - Configure users ability to override feature flags,settings_catalog_policy,134,CISv3 - EDGE - L1 - Configure users ability to override feature flags,Edge,L1,CIS,UAC & Privileged Access,CM-7,8.9,Prevents users enabling experimental/unstable features via edge://flags.,mapped,exact,
CISv3 - EDGE - L1 - Continue running background apps after Microsoft Edge closes,11_Microsoft_Edge_CIS_Benchmark,CISv3 - EDGE - L1 - Continue running background apps after Microsoft Edge closes,settings_catalog_policy,135,CISv3 - EDGE - L1 - Continue running background apps after Microsoft Edge closes,Edge,L1,CIS,Attack Surface Reduction (ASR),CM-7,8.9,Reduces persistent background footprint after browser close.,mapped,exact,
CISv3 - EDGE - L1 - Control communication with the Experimentation and Configuration Service,11_Microsoft_Edge_CIS_Benchmark,CISv3 - EDGE - L1 - Control communication with the Experimentation and Configuration Service,settings_catalog_policy,136,CISv3 - EDGE - L1 - Control communication with the Experimentation and Configuration Service,Edge,L1,CIS,Privacy & Data Governance,CM-7,8.9,Limits a telemetry/remote-config channel not needed for business use.,mapped,exact,
CISv3 - EDGE - L1 - Control use of insecure content exceptions,11_Microsoft_Edge_CIS_Benchmark,CISv3 - EDGE - L1 - Control use of insecure content exceptions,settings_catalog_policy,115,CISv3 - EDGE - L1 - Control use of insecure content exceptions,Edge,L1,CIS,Edge Browser Security,SC-8,8.20,Prevents users permanently exempting insecure/mixed content.,mapped,exact,
CISv3 - EDGE - L1 - DNS interception checks enabled,11_Microsoft_Edge_CIS_Benchmark,CISv3 - EDGE - L1 - DNS interception checks enabled,settings_catalog_policy,116,CISv3 - EDGE - L1 - DNS interception checks enabled,Edge,L1,CIS,Edge Browser Security,"SC-7, SC-8",8.20,Detects DNS hijacking/interception attempts.,mapped,exact,
CISv3 - EDGE - L1 - Disable Bing chat entry-points on Microsoft Edge Enterprise new tab page,11_Microsoft_Edge_CIS_Benchmark,CISv3 - EDGE - L1 - Disable Bing chat entry-points on Microsoft Edge Enterprise new tab page,settings_catalog_policy,142,CISv3 - EDGE - L1 - Disable Bing chat entry-points on Microsoft Edge Enterprise new tab page,Edge,L1,CIS,AI & Data Governance,CM-7,8.9,Reduces AI-chat data-egress surface on the new tab page.,mapped,exact,
CISv3 - EDGE - L1 - Disable synchronization of data using Microsoft sync services,11_Microsoft_Edge_CIS_Benchmark,CISv3 - EDGE - L1 - Disable synchronization of data using Microsoft sync services,settings_catalog_policy,77,CISv3 - EDGE - L1 - Disable synchronization of data using Microsoft sync services,Edge,L1,CIS,Edge Browser Security,CM-7,8.9,Prevents browser data leaving the managed environment — supports ISO 8.9,mapped,exact,
CISv3 - EDGE - L1 - Edge 3P SERP Telemetry Enabled,11_Microsoft_Edge_CIS_Benchmark,CISv3 - EDGE - L1 - Edge 3P SERP Telemetry Enabled,settings_catalog_policy,141,CISv3 - EDGE - L1 - Edge 3P SERP Telemetry Enabled,Edge,L1,CIS,Privacy & Data Governance,CM-7,8.9,Disables third-party search-results telemetry.,mapped,exact,
CISv3 - EDGE - L1 - Enable AutoFill for payment instructions,11_Microsoft_Edge_CIS_Benchmark,CISv3 - EDGE - L1 - Enable AutoFill for payment instructions,settings_catalog_policy,138,CISv3 - EDGE - L1 - Enable AutoFill for payment instructions,Edge,L1,CIS,Privacy & Data Governance,"SC-28, MP-5",8.24,Disabled - storing card data in browser autofill is a real risk on corporate endpoints.,mapped,exact,
CISv3 - EDGE - L1 - Enable CryptoWallet feature,11_Microsoft_Edge_CIS_Benchmark,CISv3 - EDGE - L1 - Enable CryptoWallet feature,settings_catalog_policy,125,CISv3 - EDGE - L1 - Enable CryptoWallet feature,Edge,L1,CIS,Attack Surface Reduction (ASR),CM-7,8.9,Disabled - crypto-wallet browser feature has no business use and is a known malware target.,mapped,exact,
CISv3 - EDGE - L1 - Enable Discover access to page contents for AAD profiles,11_Microsoft_Edge_CIS_Benchmark,CISv3 - EDGE - L1 - Enable Discover access to page contents for AAD profiles,settings_catalog_policy,149,CISv3 - EDGE - L1 - Enable Discover access to page contents for AAD profiles,Edge,L1,CIS,AI & Data Governance,AC-4,8.9,AI feature reading page content under a work identity - review data flow.,mapped,exact,
CISv3 - EDGE - L1 - Enable Google Cast,11_Microsoft_Edge_CIS_Benchmark,CISv3 - EDGE - L1 - Enable Google Cast,settings_catalog_policy,150,CISv3 - EDGE - L1 - Enable Google Cast,Edge,L1,CIS,Network Security,SC-7,8.20,Same network-exposure family as the Cast IP-restriction control.,mapped,exact,
CISv3 - EDGE - L1 - Enable Microsoft Defender SmartScreen DNS requests,11_Microsoft_Edge_CIS_Benchmark,CISv3 - EDGE - L1 - Enable Microsoft Defender SmartScreen DNS requests,settings_catalog_policy,,,,,,,,,,UNMAPPED — no workbook row,unmapped,
CISv3 - EDGE - L1 - Enable browser legacy extension point blocking,11_Microsoft_Edge_CIS_Benchmark,CISv3 - EDGE - L1 - Enable browser legacy extension point blocking,settings_catalog_policy,118,CISv3 - EDGE - L1 - Enable browser legacy extension point blocking,Edge,L1,CIS,Edge Browser Security,SI-7,8.7,Blocks legacy DLL-injection-style extension points into the browser process.,mapped,exact,
CISv3 - EDGE - L1 - Enable component updates in Microsoft Edge,11_Microsoft_Edge_CIS_Benchmark,CISv3 - EDGE - L1 - Enable component updates in Microsoft Edge,settings_catalog_policy,119,CISv3 - EDGE - L1 - Enable component updates in Microsoft Edge,Edge,L1,CIS,Patch Management,SI-2,8.8,Ensures browser components patch independently of full Edge updates.,mapped,exact,
CISv3 - EDGE - L1 - Enable globally scoped HTTP auth cache,11_Microsoft_Edge_CIS_Benchmark,CISv3 - EDGE - L1 - Enable globally scoped HTTP auth cache,settings_catalog_policy,151,CISv3 - EDGE - L1 - Enable globally scoped HTTP auth cache,Edge,L1,CIS,Credential Protection,-,-,Pilot first - disabling can break SSO flows in some environments.,mapped,exact,
CISv3 - EDGE - L1 - Enable profile creation from the Identity flyout menu or the Settings page,11_Microsoft_Edge_CIS_Benchmark,CISv3 - EDGE - L1 - Enable profile creation from the Identity flyout menu or the Settings page,settings_catalog_policy,140,CISv3 - EDGE - L1 - Enable profile creation from the Identity flyout menu or the Settings page,Edge,L1,CIS,Identity & Account Control,AC-4,8.1,Restricts creation of unmanaged personal browser profiles that could bypass policy.,mapped,exact,
CISv3 - EDGE - L1 - Enable saving passwords to the password manager,11_Microsoft_Edge_CIS_Benchmark,CISv3 - EDGE - L1 - Enable saving passwords to the password manager,settings_catalog_policy,139,CISv3 - EDGE - L1 - Enable saving passwords to the password manager,Edge,L1,CIS,Credential Protection,IA-5,8.5,Disabled by default in favour of an enterprise password manager where the customer has one.,mapped,exact,
CISv3 - EDGE - L1 - Enable security warnings for command-line flags,11_Microsoft_Edge_CIS_Benchmark,CISv3 - EDGE - L1 - Enable security warnings for command-line flags,settings_catalog_policy,120,CISv3 - EDGE - L1 - Enable security warnings for command-line flags,Edge,L1,CIS,Edge Browser Security,SI-7,8.7,Flags tampered launch shortcuts using risky command-line flags.,mapped,exact,
CISv3 - EDGE - L1 - Enable warnings for insecure forms,11_Microsoft_Edge_CIS_Benchmark,CISv3 - EDGE - L1 - Enable warnings for insecure forms,settings_catalog_policy,121,CISv3 - EDGE - L1 - Enable warnings for insecure forms,Edge,L1,CIS,Edge Browser Security,SC-8,8.20,Warns on mixed-content form submission - non-disruptive.,mapped,exact,
CISv3 - EDGE - L1 - In-app support Enabled,11_Microsoft_Edge_CIS_Benchmark,CISv3 - EDGE - L1 - In-app support Enabled,settings_catalog_policy,152,CISv3 - EDGE - L1 - In-app support Enabled,Edge,L1,CIS,Privacy & Data Governance,-,-,Support-chat widget sends data out - minor consideration.,mapped,exact,
CISv3 - EDGE - L1 - Manage exposure of local IP addresses by WebRTC,11_Microsoft_Edge_CIS_Benchmark,CISv3 - EDGE - L1 - Manage exposure of local IP addresses by WebRTC,settings_catalog_policy,122,CISv3 - EDGE - L1 - Manage exposure of local IP addresses by WebRTC,Edge,L1,CIS,Edge Browser Security,SC-7,8.20,Standard WebRTC local-IP-leak hardening.,mapped,exact,
CISv3 - EDGE - L1 - Show Microsoft Rewards experiences,11_Microsoft_Edge_CIS_Benchmark,CISv3 - EDGE - L1 - Show Microsoft Rewards experiences,settings_catalog_policy,153,CISv3 - EDGE - L1 - Show Microsoft Rewards experiences,Edge,L1,CIS,Attack Surface Reduction (ASR),CM-7,8.9,Disabled - consumer feature with no business relevance.,mapped,exact,
CISv3 - EDGE - L1 - Suggest similar pages when a webpage can#U2019t be found,11_Microsoft_Edge_CIS_Benchmark,CISv3 - EDGE - L1 - Suggest similar pages when a webpage can’t be found,settings_catalog_policy,154,CISv3 - EDGE - L1 - Suggest similar pages when a webpage can't be found,Edge,L1,CIS,Privacy & Data Governance,-,-,Sends failed URLs to Microsoft - minor telemetry consideration.,mapped,punctuation,
CISv3 - EDGE - L1 - Update policy override default,11_Microsoft_Edge_CIS_Benchmark,CISv3 - EDGE - L1 - Update policy override default,settings_catalog_policy,123,CISv3 - EDGE - L1 - Update policy override default,Edge,L1,CIS,Patch Management,"CM-6, SI-2",8.8,Prevents update policy from being silently overridden.,mapped,exact,
CISv3 - EDGE - L2 - Allow file selection dialogs,11_Microsoft_Edge_CIS_Benchmark,CISv3 - EDGE - L2 - Allow file selection dialogs,settings_catalog_policy,176,CISv3 - EDGE - L2 - Allow file selection dialogs,Edge,L2,CIS,Privacy & Data Governance,-,-,Minor DLP-adjacent control on file-upload dialogs.,mapped,exact,
CISv3 - EDGE - L2 - Allow or block audio capture,11_Microsoft_Edge_CIS_Benchmark,CISv3 - EDGE - L2 - Allow or block audio capture,settings_catalog_policy,164,CISv3 - EDGE - L2 - Allow or block audio capture,Edge,L2,CIS,Privacy & Data Governance,SC-3,8.7,Camera/mic permission governance - DLP relevant.,mapped,exact,
CISv3 - EDGE - L2 - Allow or deny screen capture,11_Microsoft_Edge_CIS_Benchmark,CISv3 - EDGE - L2 - Allow or deny screen capture,settings_catalog_policy,165,CISv3 - EDGE - L2 - Allow or deny screen capture,Edge,L2,CIS,Privacy & Data Governance,SC-3,8.7,"Screen-capture governance, increasingly relevant alongside AI features that can screenshot pages.",mapped,exact,
CISv3 - EDGE - L2 - Allow read access via the File System API on  these sites,11_Microsoft_Edge_CIS_Benchmark,CISv3 - EDGE - L2 - Allow read access via the File System API on  these sites,settings_catalog_policy,166,CISv3 - EDGE - L2 - Allow read access via the File System API on these sites,Edge,L2,CIS,Malware Protection,CM-7,8.9,"Default-restrict, allow-list only trusted sites.",mapped,whitespace,
CISv3 - EDGE - L2 - Allow unconfigured sites to be reloaded in  Internet Explorer mode,11_Microsoft_Edge_CIS_Benchmark,CISv3 - EDGE - L2 - Allow unconfigured sites to be reloaded in  Internet Explorer mode,settings_catalog_policy,167,CISv3 - EDGE - L2 - Allow unconfigured sites to be reloaded in Internet Explorer mode,Edge,L2,CIS,Malware Protection,SI-7,8.7,Disable the catch-all - limits reintroduction of IE-mode attack surface to explicitly configured sites only.,mapped,whitespace,
CISv3 - EDGE - L2 - Allow users to open files using the ClickOnce  protocol,11_Microsoft_Edge_CIS_Benchmark,CISv3 - EDGE - L2 - Allow users to open files using the ClickOnce  protocol,settings_catalog_policy,80,CISv3 - EDGE - L2 - Allow users to open files using the ClickOnce  protocol,Edge,L2,CIS,Edge Browser Security,"CM-7, CM-11",8.9,ClickOnce is a legacy attack surface — most modern businesses are unaffected by disabling it,mapped,exact,
CISv3 - EDGE - L2 - Allow users to open files using the DirectInvoke  protocol,11_Microsoft_Edge_CIS_Benchmark,CISv3 - EDGE - L2 - Allow users to open files using the DirectInvoke  protocol,settings_catalog_policy,81,CISv3 - EDGE - L2 - Allow users to open files using the DirectInvoke  protocol,Edge,L2,CIS,Edge Browser Security,"CM-7, CM-11",8.9,DirectInvoke bypasses download safety checks — disabling has negligible user impact,mapped,exact,
CISv3 - EDGE - L2 - Allow users to proceed from the HTTPS  warning page,11_Microsoft_Edge_CIS_Benchmark,CISv3 - EDGE - L2 - Allow users to proceed from the HTTPS  warning page,settings_catalog_policy,82,CISv3 - EDGE - L2 - Allow users to proceed from the HTTPS  warning page,Edge,L2,CIS,Edge Browser Security,SC-8,8.20,Prevents bypass of certificate warnings — blocks users from proceeding to genuinely unsafe sites,mapped,exact,
CISv3 - EDGE - L2 - AutoLaunch Protocols Component Enabled,11_Microsoft_Edge_CIS_Benchmark,CISv3 - EDGE - L2 - AutoLaunch Protocols Component Enabled,settings_catalog_policy,124,CISv3 - EDGE - L2 - AutoLaunch Protocols Component Enabled,Edge,L2,CIS,Edge Browser Security,SI-7,8.7,Governs auto-launch of external protocol handlers without a prompt - relevant given recent protocol-handler exploit activity.,mapped,exact,
CISv3 - EDGE - L2 - Block third party cookies,11_Microsoft_Edge_CIS_Benchmark,CISv3 - EDGE - L2 - Block third party cookies,settings_catalog_policy,157,CISv3 - EDGE - L2 - Block third party cookies,Edge,L2,CIS,Privacy & Data Governance,SC-8,8.20,"Low functional impact for most business apps, solid tracking-protection win.",mapped,exact,
CISv3 - EDGE - L2 - Browser sign-in settings,11_Microsoft_Edge_CIS_Benchmark,CISv3 - EDGE - L2 - Browser sign-in settings,settings_catalog_policy,84,CISv3 - EDGE - L2 - Browser sign-in settings,Edge,L2,CIS,Identity & Account Control,"IA-2, AC-2","8.5, 5.16",Forces users to sign in to Edge with their org account before browsing — ensures managed identity is always active. Deploy as-is.,mapped,exact,
CISv3 - EDGE - L2 - Configure Speech Recognition,11_Microsoft_Edge_CIS_Benchmark,CISv3 - EDGE - L2 - Configure Speech Recognition,settings_catalog_policy,174,CISv3 - EDGE - L2 - Configure Speech Recognition,Edge,L2,CIS,AI & Data Governance,-,-,Mic/audio data governance if cloud-based recognition is used.,mapped,exact,
CISv3 - EDGE - L2 - Configure extension management settings,11_Microsoft_Edge_CIS_Benchmark,CISv3 - EDGE - L2 - Configure extension management settings,settings_catalog_policy,85,CISv3 - EDGE - L2 - Configure extension management settings,Edge,L2,CIS,Identity & Account Control,"CM-7, CM-11","8.9, 8.19",Whitelists approved extensions and blocks all others — directly satisfies CM-7 and ISO 8.19. ⚠ REQUIRES CUSTOMISATION: Edit JSON to include customer-approved extension IDs before deploying.,mapped,exact,
CISv3 - EDGE - L2 - Control use of JavaScript JIT,11_Microsoft_Edge_CIS_Benchmark,CISv3 - EDGE - L2 - Control use of JavaScript JIT,settings_catalog_policy,171,CISv3 - EDGE - L2 - Control use of JavaScript JIT,Edge,L2,CIS,Attack Surface Reduction (ASR),SI-16,8.7,Genuine anti-exploit mitigation against JS-engine 0-days but can measurably hurt web-app performance - pilot before wide rollout.,mapped,exact,
CISv3 - EDGE - L2 - Control use of the File System API for reading,11_Microsoft_Edge_CIS_Benchmark,CISv3 - EDGE - L2 - Control use of the File System API for reading,settings_catalog_policy,160,CISv3 - EDGE - L2 - Control use of the File System API for reading,Edge,L2,CIS,Malware Protection,CM-7,8.9,"Default-restrict, allow-list only trusted sites.",mapped,exact,
CISv3 - EDGE - L2 - Control use of the Headless Mode,11_Microsoft_Edge_CIS_Benchmark,CISv3 - EDGE - L2 - Control use of the Headless Mode,settings_catalog_policy,155,CISv3 - EDGE - L2 - Control use of the Headless Mode,Edge,L2,CIS,Edge Browser Security,SI-7,8.7,"Blocks headless Edge launches, used by automation-based credential-theft tooling.",mapped,exact,
CISv3 - EDGE - L2 - Control use of the Serial API,11_Microsoft_Edge_CIS_Benchmark,CISv3 - EDGE - L2 - Control use of the Serial API,settings_catalog_policy,161,CISv3 - EDGE - L2 - Control use of the Serial API,Edge,L2,CIS,Attack Surface Reduction (ASR),CM-7,8.9,Reduces exposure to exotic web-based device attacks.,mapped,exact,
CISv3 - EDGE - L2 - Control use of the Web Bluetooth API,11_Microsoft_Edge_CIS_Benchmark,CISv3 - EDGE - L2 - Control use of the Web Bluetooth API,settings_catalog_policy,162,CISv3 - EDGE - L2 - Control use of the Web Bluetooth API,Edge,L2,CIS,Attack Surface Reduction (ASR),CM-7,8.9,Same rationale as Serial API.,mapped,exact,
CISv3 - EDGE - L2 - Control use of the WebHID API,11_Microsoft_Edge_CIS_Benchmark,CISv3 - EDGE - L2 - Control use of the WebHID API,settings_catalog_policy,163,CISv3 - EDGE - L2 - Control use of the WebHID API,Edge,L2,CIS,Attack Surface Reduction (ASR),CM-7,8.9,Same rationale as Serial/Bluetooth APIs.,mapped,exact,
CISv3 - EDGE - L2 - Control where security restrictions on insecure  origins apply,11_Microsoft_Edge_CIS_Benchmark,CISv3 - EDGE - L2 - Control where security restrictions on insecure  origins apply,settings_catalog_policy,156,CISv3 - EDGE - L2 - Control where security restrictions on insecure origins apply,Edge,L2,CIS,Network Security,SC-8,8.20,"Ensures insecure-origin exceptions are IT-controlled, not user-added.",mapped,whitespace,
CISv3 - EDGE - L2 - Default sensors setting,11_Microsoft_Edge_CIS_Benchmark,CISv3 - EDGE - L2 - Default sensors setting,settings_catalog_policy,170,CISv3 - EDGE - L2 - Default sensors setting,Edge,L2,CIS,Privacy & Data Governance,-,-,Restricts device sensor access by default.,mapped,exact,
CISv3 - EDGE - L2 - Default setting for third-party storage  partitioning,11_Microsoft_Edge_CIS_Benchmark,CISv3 - EDGE - L2 - Default setting for third-party storage  partitioning,settings_catalog_policy,175,CISv3 - EDGE - L2 - Default setting for third-party storage partitioning,Edge,L2,CIS,Privacy & Data Governance,-,-,Generally safe to enable; low risk either way.,mapped,whitespace,
CISv3 - EDGE - L2 - Enable guest mode,11_Microsoft_Edge_CIS_Benchmark,CISv3 - EDGE - L2 - Enable guest mode,settings_catalog_policy,79,CISv3 - EDGE - L2 - Enable guest mode,Edge,L2,CIS,Edge Browser Security,"IA-2, CM-7",8.5,Disables unmanaged guest browsing sessions within Edge — no impact on standard users,mapped,exact,
CISv3 - EDGE - L2 - Enforce Bing SafeSearch,11_Microsoft_Edge_CIS_Benchmark,CISv3 - EDGE - L2 - Enforce Bing SafeSearch,settings_catalog_policy,168,CISv3 - EDGE - L2 - Enforce Bing SafeSearch,Edge,L2,CIS,Privacy & Data Governance,-,-,Easy auditor-facing content-safety win.,mapped,exact,
CISv3 - EDGE - L2 - Enforce Google SafeSearch,11_Microsoft_Edge_CIS_Benchmark,CISv3 - EDGE - L2 - Enforce Google SafeSearch,settings_catalog_policy,169,CISv3 - EDGE - L2 - Enforce Google SafeSearch,Edge,L2,CIS,Privacy & Data Governance,-,-,Covers searches routed through Google via Edge.,mapped,exact,
CISv3 - EDGE - L2 - Enhanced Security Mode configuration for  Intranet zone sites,11_Microsoft_Edge_CIS_Benchmark,CISv3 - EDGE - L2 - Enhanced Security Mode configuration for  Intranet zone sites,settings_catalog_policy,172,CISv3 - EDGE - L2 - Enhanced Security Mode configuration for Intranet zone sites,Edge,L2,CIS,Network Security,SC-8,8.20,Can break internal legacy web apps - test against customer's internal app inventory first.,mapped,whitespace,
CISv3 - EDGE - L2 - Show an Always open checkbox in external  protocol dialog,11_Microsoft_Edge_CIS_Benchmark,"CISv3 - EDGE - L2 - Show an ""Always open"" checkbox in external  protocol dialog",settings_catalog_policy,159,CISv3 - EDGE - L2 - Show an Always open checkbox in external protocol dialog,Edge,L2,CIS,Edge Browser Security,SI-7,8.7,Prevents permanent allow-listing of a protocol handler without re-prompting - complements AutoLaunch Protocols control.,mapped,whitespace,
CISv3 - EDGE - L2 - Specify if online OCSPCRL checks are  required for local trust anchors,11_Microsoft_Edge_CIS_Benchmark,CISv3 - EDGE - L2 - Specify if online OCSP/CRL checks are  required for local trust anchors,settings_catalog_policy,83,CISv3 - EDGE - L2 - Specify if online OCSPCRL checks are  required for local trust anchors,Edge,L2,CIS,Edge Browser Security,SC-8,8.24,"Enforces certificate revocation checking — invisible to users, strengthens PKI integrity for SC-8 and ISO 8.24",mapped,exact,
CISv3 - EDGE - L2 - Spell checking provided by Microsoft Editor,11_Microsoft_Edge_CIS_Benchmark,CISv3 - EDGE - L2 - Spell checking provided by Microsoft Editor,settings_catalog_policy,173,CISv3 - EDGE - L2 - Spell checking provided by Microsoft Editor,Edge,L2,CIS,AI & Data Governance,-,-,Cloud-based spellcheck sends typed text to Microsoft - DLP consideration for security-conscious customers.,mapped,exact,
CISv3 - EDGE - L2 - Supported authentication schemes,11_Microsoft_Edge_CIS_Benchmark,CISv3 - EDGE - L2 - Supported authentication schemes,settings_catalog_policy,158,CISv3 - EDGE - L2 - Supported authentication schemes,Edge,L2,CIS,Credential Protection,IA-5,8.5,Restrict to secure auth schemes; drop legacy schemes not required by the customer's apps.,mapped,exact,
Baseline -  WHFB Exclude Security Devices TPM 1.2 ,12_Passwordless_Authentication,Baseline -  WHFB Exclude Security Devices TPM 1.2 -1 ,legacy_device_configuration,101,Baseline - WHFB Exclude Security Devices TPM 1.2,Windows 11,L2,WHFB,Passwordless Authentication,IA-2,8.5,Compatibility companion - only needed where TPM 1.2 devices remain in the fleet.,mapped,whitespace,
Baseline - Enables FIDO Security Keys to be used during Windows Sign In -1,12_Passwordless_Authentication,Baseline - Enables FIDO Security Keys to be used during Windows Sign In -1,legacy_device_configuration,104,Baseline - Enables FIDO Security Keys to be used during Windows Sign In,Windows 11,L2,FIDO,Passwordless Authentication,"IA-2, IA-5",8.5,Customer-driven - relevant where hardware security keys are being issued.,mapped,punctuation,
Baseline - WHFB Disable Post Logon Provisioning,12_Passwordless_Authentication,Baseline - WHFB Disable Post Logon Provisioning - 1,legacy_device_configuration,102,Baseline - WHFB Disable Post Logon Provisioning,Windows 11,L2,WHFB,Passwordless Authentication,IA-2,8.5,Companion hardening setting for WHFB rollout.,mapped,exact,
Baseline - WHFB Muti-Factor unlock Template config,12_Passwordless_Authentication,Baseline - WHFB Muti-Factor unlock Template config,settings_catalog_policy,,,,,,,,,,UNMAPPED — no workbook row,unmapped,
Baseline - WHFB Require Security Device,12_Passwordless_Authentication,Baseline - WHFB Require Security Device - 1,legacy_device_configuration,100,Baseline - WHFB Require Security Device,Windows 11,L2,WHFB,Passwordless Authentication,"IA-2, IA-5",8.5,Core Windows Hello for Business enforcement. Confirm TPM/security-key inventory per customer before rollout.,mapped,exact,
Baseline - Chrome - Block external extensions from being installed,13_Google_Chrome_CIS_Benchmark,Baseline - Chrome - Block external extensions from being installed,settings_catalog_policy,178,Baseline - Chrome - Block external extensions from being installed,Chrome,L1,Browser Benchmarks,Browser Security (Chrome),CM-11,8.7,Mirrors the Edge control already deployed - direct parity pick.,mapped,exact,
Baseline - Chrome - Configure extension installation allow list,13_Google_Chrome_CIS_Benchmark,Baseline - Chrome - Configure extension installation allow list,settings_catalog_policy,179,Baseline - Chrome - Configure extension installation allow list,Chrome,L1,Browser Benchmarks,Browser Security (Chrome),CM-11,8.7,Pairs with block-external for a default-deny extension model. ⚠ REQUIRES CUSTOMISATION: add customer-approved extension IDs before deploying.,mapped,exact,
Baseline - Chrome - Enable Site Isolation for specified origins,13_Google_Chrome_CIS_Benchmark,Baseline - Chrome - Enable Site Isolation for specified origins,settings_catalog_policy,180,Baseline - Chrome - Enable Site Isolation for specified origins,Chrome,L1,Browser Benchmarks,Browser Security (Chrome),"SC-7, SI-16",8.7,Cross-site/Spectre-class isolation hardening.,mapped,exact,
Baseline - Chrome Password manager and protection configuration,13_Google_Chrome_CIS_Benchmark,Baseline - Chrome Password manager and protection configuration - 1,settings_catalog_policy,181,Baseline - Chrome Password manager and protection configuration,Chrome,L1,Modern Workplace,Browser Security (Chrome),IA-5,8.5,Governs Chrome's built-in password manager behaviour.,mapped,exact,
Baseline - Google Chrome Management,13_Google_Chrome_CIS_Benchmark,Baseline - Google Chrome Management,settings_catalog_policy,182,Baseline - Google Chrome Management,Chrome,L2,Modern Workplace,Browser Security (Chrome),CM-7,8.9,"Broad multi-setting bundle - check for setting overlaps with the individual Chrome policies above before deploying, same conflict-check discipline already applied to BitLocker.",mapped,exact,
Baseline - Cloud Remediation  quick machine recovery,14_Modern_Workplace_and_Resilience,Baseline - Cloud Remediation / quick machine recovery,settings_catalog_policy,188,Baseline - Cloud Remediation (quick machine recovery),Windows 11,L2,Modern Workplace,Resilience & Recovery,"CP-9, CP-10",8.13,Cloud-assisted boot-failure recovery - complements Windows Backup.,mapped,punctuation,
Baseline - Configure Windows protected print,14_Modern_Workplace_and_Resilience,Baseline - Configure Windows protected print,settings_catalog_policy,186,Baseline - Configure Windows protected print,Windows 11,L1,Modern Workplace,Malware Protection,"SI-3, CM-7",8.9,"Print-spooler/driver hardening, relevant given the PrintNightmare-class vulnerability history.",mapped,exact,
Baseline - Enable Windows Backup_2025-09-01T08_19_23.564Z,14_Modern_Workplace_and_Resilience,Baseline - Enable Windows Backup,settings_catalog_policy,187,Baseline - Enable Windows Backup,Windows 11,L2,Modern Workplace,Resilience & Recovery,CP-9,8.13,Endpoint backup/resilience control - first policy in a new Resilience & Recovery domain (NIST CP family).,mapped,punctuation,
Baseline - Windows Subsystem For Linux,14_Modern_Workplace_and_Resilience,Baseline - Windows Subsystem For Linux,settings_catalog_policy,185,Baseline - Windows Subsystem For Linux,Windows 11,L2,Modern Workplace,Linux Endpoint Security,CM-7,8.9,Governs whether/how WSL is enabled. WSL is a common way Linux workloads land on managed Windows endpoints and can bypass Windows-side controls if left unmanaged.,mapped,exact,
Baseline - Windows health monitoring,14_Modern_Workplace_and_Resilience,Baseline - Windows health monitoring,legacy_device_configuration,,,,,,,,,,UNMAPPED — no workbook row,unmapped,
Windows-Server-ASR-Block-Adobe-Reader-Child-Processes,15_Defender_for_Endpoint_Windows_Server,Windows-Server-ASR-Block-Adobe-Reader-Child-Processes,settings_catalog_policy,207,Windows-Server-ASR-Block-Adobe-Reader-Child-Processes,Windows Server,L1,CIS,Attack Surface Reduction (ASR),"SI-3, SI-16",8.7,Conditional — only meaningful if Adobe Reader is installed on the server (e.g. RDS Session Host); harmless no-op otherwise.,mapped,exact,
Windows-Server-ASR-Block-Advanced-Ransomware-Protection,15_Defender_for_Endpoint_Windows_Server,Windows-Server-ASR-Block-Advanced-Ransomware-Protection,settings_catalog_policy,197,Windows-Server-ASR-Block-Advanced-Ransomware-Protection,Windows Server,L1,CIS,Attack Surface Reduction (ASR),"SI-3, SI-16",8.7,Cloud-based ransomware behaviour protection — confirmed supported on Windows Server 2019+.,mapped,exact,
Windows-Server-ASR-Block-Credential-Stealing-LSASS,15_Defender_for_Endpoint_Windows_Server,Windows-Server-ASR-Block-Credential-Stealing-LSASS,settings_catalog_policy,,,,,,,,,,UNMAPPED — no workbook row,unmapped,
Windows-Server-ASR-Block-Email-Client-Executable-Content,15_Defender_for_Endpoint_Windows_Server,Windows-Server-ASR-Block-Email-Client-Executable-Content,settings_catalog_policy,206,Windows-Server-ASR-Block-Email-Client-Executable-Content,Windows Server,L1,CIS,Attack Surface Reduction (ASR),"SI-3, SI-16",8.7,Blocks executable content from email/webmail. Conditional — only meaningful if the server has a mail/collaboration role (e.g. RDS Session Host); harmless no-op otherwise.,mapped,exact,
Windows-Server-ASR-Block-Executable-Files-Prevalence,15_Defender_for_Endpoint_Windows_Server,Windows-Server-ASR-Block-Executable-Files-Prevalence,settings_catalog_policy,204,Windows-Server-ASR-Block-Executable-Files-Prevalence,Windows Server,L1,CIS,Attack Surface Reduction (ASR),"SI-3, SI-16",8.7,"Blocks execution of files that don't meet a prevalence/age/trust threshold — cloud-protection dependent rule, confirmed supported on Server 2019+.",mapped,exact,
Windows-Server-ASR-Block-Exploited-Signed-Drivers,15_Defender_for_Endpoint_Windows_Server,Windows-Server-ASR-Block-Exploited-Signed-Drivers,settings_catalog_policy,198,Windows-Server-ASR-Block-Exploited-Signed-Drivers,Windows Server,L1,CIS,Attack Surface Reduction (ASR),"SI-3, SI-16",8.7,Blocks abuse of known-vulnerable signed drivers (BYOVD attacks) — a common EDR-bypass technique against servers.,mapped,exact,
Windows-Server-ASR-Block-JS-VBScript-Downloaded-Content,15_Defender_for_Endpoint_Windows_Server,Windows-Server-ASR-Block-JS-VBScript-Downloaded-Content,settings_catalog_policy,205,Windows-Server-ASR-Block-JS-VBScript-Downloaded-Content,Windows Server,L1,CIS,Attack Surface Reduction (ASR),"SI-3, SI-16",8.7,Blocks script-launched downloaded executables. Supported on Server 2019+ (not on Server 2016/2012 R2).,mapped,exact,
Windows-Server-ASR-Block-Obfuscated-Scripts,15_Defender_for_Endpoint_Windows_Server,Windows-Server-ASR-Block-Obfuscated-Scripts,settings_catalog_policy,200,Windows-Server-ASR-Block-Obfuscated-Scripts,Windows Server,L1,CIS,Attack Surface Reduction (ASR),"SI-3, SI-16",8.7,Blocks execution of obfuscated PowerShell/JS/VBS — confirmed supported on Windows Server 2019+.,mapped,exact,
Windows-Server-ASR-Block-Office-Child-Processes,15_Defender_for_Endpoint_Windows_Server,Windows-Server-ASR-Block-Office-Child-Processes,settings_catalog_policy,208,Windows-Server-ASR-Block-Office-Child-Processes,Windows Server,L1,CIS,Attack Surface Reduction (ASR),"SI-3, SI-16",8.7,"Conditional — only meaningful if Office is installed (e.g. RDS Session Host, SSRS report server); harmless no-op otherwise.",mapped,exact,
Windows-Server-ASR-Block-Office-Communication-Child-Processes,15_Defender_for_Endpoint_Windows_Server,Windows-Server-ASR-Block-Office-Communication-Child-Processes,settings_catalog_policy,210,Windows-Server-ASR-Block-Office-Communication-Child-Processes,Windows Server,L1,CIS,Attack Surface Reduction (ASR),"SI-3, SI-16",8.7,Conditional — only meaningful if Outlook/Teams is installed on the server (e.g. RDS Session Host); harmless no-op otherwise.,mapped,exact,
Windows-Server-ASR-Block-Office-Executable-Content,15_Defender_for_Endpoint_Windows_Server,Windows-Server-ASR-Block-Office-Executable-Content,settings_catalog_policy,209,Windows-Server-ASR-Block-Office-Executable-Content,Windows Server,L1,CIS,Attack Surface Reduction (ASR),"SI-3, SI-16",8.7,Conditional — only meaningful if Office is installed; harmless no-op otherwise.,mapped,exact,
Windows-Server-ASR-Block-PSExec-WMI-Process-Creation,15_Defender_for_Endpoint_Windows_Server,Windows-Server-ASR-Block-PSExec-WMI-Process-Creation,settings_catalog_policy,201,Windows-Server-ASR-Block-PSExec-WMI-Process-Creation,Windows Server,L1,CIS,Attack Surface Reduction (ASR),"SI-3, SI-16",8.7,Blocks PSExec/WMI-based process creation — mitigates the #1 lateral-movement technique against servers. Confirm RMM/automation tooling compatibility first (see Production Notes #6).,mapped,exact,
Windows-Server-ASR-Block-Safe-Mode-Reboot,15_Defender_for_Endpoint_Windows_Server,Windows-Server-ASR-Block-Safe-Mode-Reboot,settings_catalog_policy,199,Windows-Server-ASR-Block-Safe-Mode-Reboot,Windows Server,L1,CIS,Attack Surface Reduction (ASR),"SI-3, SI-16",8.7,Blocks forced Safe Mode reboots used by ransomware (e.g. Ryuk/Conti-style) to bypass AV/EDR before encrypting — directly relevant to servers.,mapped,exact,
Windows-Server-ASR-Block-Untrusted-USB-Processes,15_Defender_for_Endpoint_Windows_Server,Windows-Server-ASR-Block-Untrusted-USB-Processes,settings_catalog_policy,203,Windows-Server-ASR-Block-Untrusted-USB-Processes,Windows Server,L1,CIS,Attack Surface Reduction (ASR),"SI-3, SI-16",8.7,"Blocks unsigned/untrusted executables launched from USB — lower priority on servers without physical console access, kept for defense-in-depth.",mapped,exact,
Windows-Server-ASR-Block-WMI-Persistence,15_Defender_for_Endpoint_Windows_Server,Windows-Server-ASR-Block-WMI-Persistence,settings_catalog_policy,202,Windows-Server-ASR-Block-WMI-Persistence,Windows Server,L1,CIS,Attack Surface Reduction (ASR),"SI-3, SI-16",8.7,"Blocks WMI event subscription persistence. Requires Windows Server, Semi-Annual Channel 1903 or later — verify server build before deploying.",mapped,exact,
Windows-Server-ASR-Block-Webshell-Creation-Exchange,15_Defender_for_Endpoint_Windows_Server,Windows-Server-ASR-Block-Webshell-Creation-Exchange,settings_catalog_policy,212,Windows-Server-ASR-Block-Webshell-Creation-Exchange,Windows Server,N/A,MDE (Constructed),Attack Surface Reduction (ASR),"SI-3, SI-16",8.7,⚠ CONSTRUCTED — not present in the source repo; hand-built from Microsoft's documented real ASR rule GUID a8f5898e-1dc8-49a9-9878-85004b8a61e6. Recommended only for internet-facing IIS/Exchange servers — see Production Notes #29.,mapped,exact,
Windows-Server-ASR-Enable-Controlled-Folder-Access,15_Defender_for_Endpoint_Windows_Server,Windows-Server-ASR-Enable-Controlled-Folder-Access,settings_catalog_policy,211,Windows-Server-ASR-Enable-Controlled-Folder-Access,Windows Server,L1,CIS,Attack Surface Reduction (ASR),"SI-3, SI-16",8.7,"⚠ HIGH — Controlled Folder Access can block legitimate application writes on servers (SQL, IIS, file shares, backup agents). Deploy in Audit mode first and review for 2-4 weeks before considering Block — see Production Notes #29.",mapped,exact,
Windows-Server-Defender-Antivirus,15_Defender_for_Endpoint_Windows_Server,Windows-Server-Defender-Antivirus,settings_catalog_policy,191,Windows-Server-Defender-Antivirus,Windows Server,L1,MDE,Malware Protection,"SI-3, SI-2, SI-7","8.7, 8.8","Same 33-setting AV policy as the client baseline, retargeted at Windows Server 2019+ device group.",mapped,exact,
Windows-Server-Defender-Device-Tag,15_Defender_for_Endpoint_Windows_Server,Windows-Server-Defender-Device-Tag,legacy_device_configuration,195,Windows-Server-Defender-Device-Tag,Windows Server,L1,MDE,Malware Protection,"SI-3, SI-2, SI-7","8.7, 8.8",Tags the device as a server asset in Defender for Endpoint for correct grouping and reporting.,mapped,exact,
Windows-Server-Defender-Enable-File-Hash-Computation,15_Defender_for_Endpoint_Windows_Server,Windows-Server-Defender-Enable-File-Hash-Computation,settings_catalog_policy,193,Windows-Server-Defender-Enable-File-Hash-Computation,Windows Server,L2,CIS,Malware Protection,"SI-3, SI-2, SI-7","8.7, 8.8",Enables file hash computation for AV/EDR correlation on server workloads.,mapped,exact,
Windows-Server-Defender-Security-Experience,15_Defender_for_Endpoint_Windows_Server,Windows-Server-Defender-Security-Experience,settings_catalog_policy,192,Windows-Server-Defender-Security-Experience,Windows Server,L1,MDE,Malware Protection,"SI-3, SI-2, SI-7","8.7, 8.8","Windows Security app / notification configuration — present on Server 2019+, lower priority on headless servers but harmless to deploy.",mapped,exact,
Windows-Server-Defender-Update-Controls,15_Defender_for_Endpoint_Windows_Server,Windows-Server-Defender-Update-Controls,settings_catalog_policy,194,Windows-Server-Defender-Update-Controls,Windows Server,L1,MDE,Malware Protection,"SI-3, SI-2, SI-7","8.7, 8.8",Engine / platform / security-intelligence update channel configuration for server.,mapped,exact,
accessibility,16_Defender_for_Endpoint_macOS,accessibility,macos_custom_configuration,218,accessibility.mobileconfig — Accessibility access,macOS,N/A,Microsoft (mdatp-xplat),Privacy & Data Governance,CM-7,8.9,Grants Accessibility permission to com.microsoft.dlp.daemon. Only required if deploying Microsoft Purview DLP for Endpoint alongside MDE — harmless if DLP isn't in scope yet.,mapped,punctuation,
background_services,16_Defender_for_Endpoint_macOS,background_services,macos_custom_configuration,216,background_services.mobileconfig — Managed Login Items,macOS,N/A,Microsoft (mdatp-xplat),UAC & Privileged Access,"AC-6, IA-2, AC-3",8.2,"Prevents the user from disabling Defender's background daemons via Login Items (macOS 13 Ventura+ requirement). Without it, a local admin can silently turn off protection.",mapped,punctuation,
bluetooth,16_Defender_for_Endpoint_macOS,bluetooth,macos_custom_configuration,219,bluetooth.mobileconfig — Bluetooth permission,macOS,N/A,Microsoft (mdatp-xplat),Removable Media & USB,"MP-7, CM-7, SI-3","8.7, 8.9",Grants Bluetooth access to com.microsoft.dlp.agent (macOS 14 Sonoma+). Only required for DLP Bluetooth device-control scenarios — harmless if DLP isn't in scope yet.,mapped,punctuation,
com.microsoft.autoupdate2,16_Defender_for_Endpoint_macOS,com.microsoft.autoupdate2,macos_custom_configuration,220,com.microsoft.autoupdate2.mobileconfig — Microsoft AutoUpdate,macOS,N/A,Microsoft (mdatp-xplat),Patch Management,"SI-2, CM-6",8.8,Configures MAU update channel (Current Channel / Production) so Defender itself stays current without relying on end users.,mapped,punctuation,
com.microsoft.wdav,16_Defender_for_Endpoint_macOS,com.microsoft.wdav,macos_custom_configuration,221,com.microsoft.wdav.mobileconfig — Antivirus configuration (Recommended profile),macOS,N/A,Microsoft (mdatp-xplat),Malware Protection,"SI-3, SI-2, SI-7","8.7, 8.8","Real-time protection, cloud-delivered protection with automatic sample submission, PUA blocked, archive bombs audited, Tamper Protection set to block. This is Microsoft's documented 'Recommended' starting profile, not the maximalist 'Full' profile — consistent with this baseline's functional-but-secure philosophy.",mapped,punctuation,
firewall,16_Defender_for_Endpoint_macOS,firewall,macos_custom_configuration,222,"firewall.mobileconfig — Application Firewall (Enforced) [Apple native, not Microsoft]",macOS,N/A,Apple (device-management repo),Firewall,SC-7,8.20,"Forces the built-in macOS Application Firewall on with Stealth Mode enabled (hides the device from network probes/port scans). Block All Incoming left OFF by default to avoid breaking legitimate file/screen sharing services — flip to true for a stricter posture. Built from Apple's official device-management payload spec (com.apple.security.firewall), not part of Defender for Endpoint.",mapped,punctuation,
fulldisk,16_Defender_for_Endpoint_macOS,fulldisk,macos_custom_configuration,214,fulldisk.mobileconfig — Full Disk Access (PPPC),macOS,N/A,Microsoft (mdatp-xplat),Malware Protection,"SI-3, SI-2, SI-7","8.7, 8.8","Grants SystemPolicyAllFiles to com.microsoft.wdav, .epsext, and com.microsoft.dlp.daemon via TCC profile. Required for real-time scanning — without it, Defender can see almost nothing on disk. Not reflected in System Settings UI when granted via MDM (expected).",mapped,punctuation,
netfilter,16_Defender_for_Endpoint_macOS,netfilter,macos_custom_configuration,215,netfilter.mobileconfig — Network Filter approval,macOS,N/A,Microsoft (mdatp-xplat),Network Security,"SC-8, CM-7, IA-3","8.20, 8.9, 8.5",Approves Defender's network extension for Network Protection / web threat filtering. Only one network filter config is supported per device — check for conflicts with any other MDM network extension before deploying.,mapped,punctuation,
notif,16_Defender_for_Endpoint_macOS,notif,macos_custom_configuration,217,notif.mobileconfig — Notifications,macOS,N/A,Microsoft (mdatp-xplat),Malware Protection,"SI-3, SI-2, SI-7","8.7, 8.8",Allows com.microsoft.wdav.tray to surface threat/status notifications to the signed-in user.,mapped,punctuation,
sysext,16_Defender_for_Endpoint_macOS,sysext,macos_custom_configuration,213,sysext.mobileconfig — System Extensions approval,macOS,N/A,Microsoft (mdatp-xplat),Identity & Account Control,"AC-2, IA-8, AC-3","5.16, 8.3","Approves Defender's Endpoint Security (com.microsoft.wdav.epsext) and Network (com.microsoft.wdav.netext) system extensions under Team ID UBF8T346G9. Without this, macOS blocks the extensions and Defender cannot run.",mapped,punctuation,
